--
-- PostgreSQL database dump
--

-- Dumped from database version 17.5
-- Dumped by pg_dump version 17.5 (Homebrew)

SET statement_timeout = 0;
SET lock_timeout = 0;
SET idle_in_transaction_session_timeout = 0;
SET transaction_timeout = 0;
SET client_encoding = 'UTF8';
SET standard_conforming_strings = on;
SELECT pg_catalog.set_config('search_path', '', false);
SET check_function_bodies = false;
SET xmloption = content;
SET client_min_messages = warning;
SET row_security = off;

--
-- Name: public; Type: SCHEMA; Schema: -; Owner: -
--

-- *not* creating schema, since initdb creates it


--
-- Name: SCHEMA public; Type: COMMENT; Schema: -; Owner: -
--

COMMENT ON SCHEMA public IS '';


--
-- Name: account_status; Type: TYPE; Schema: public; Owner: -
--

CREATE TYPE public.account_status AS ENUM (
    'active',
    'suspended',
    'banned'
);


--
-- Name: payment_status; Type: TYPE; Schema: public; Owner: -
--

CREATE TYPE public.payment_status AS ENUM (
    'initiated',
    'holding',
    'released',
    'refunded'
);


--
-- Name: service_activity; Type: TYPE; Schema: public; Owner: -
--

CREATE TYPE public.service_activity AS ENUM (
    'active',
    'inactive'
);


--
-- Name: service_request_status; Type: TYPE; Schema: public; Owner: -
--

CREATE TYPE public.service_request_status AS ENUM (
    'pending',
    'accepted',
    'declined',
    'in_progress',
    'completed',
    'cancelled',
    'expired'
);


--
-- Name: service_status; Type: TYPE; Schema: public; Owner: -
--

CREATE TYPE public.service_status AS ENUM (
    'active',
    'in_progress',
    'completed',
    'cancelled'
);


--
-- Name: status; Type: TYPE; Schema: public; Owner: -
--

CREATE TYPE public.status AS ENUM (
    'created',
    'ongoing',
    'done',
    'cancelled'
);


--
-- Name: transaction_type; Type: TYPE; Schema: public; Owner: -
--

CREATE TYPE public.transaction_type AS ENUM (
    'deduct',
    'release',
    'refund'
);


SET default_tablespace = '';

SET default_table_access_method = heap;

--
-- Name: ads_watching_history; Type: TABLE; Schema: public; Owner: -
--

CREATE TABLE public.ads_watching_history (
    id integer NOT NULL,
    user_id text NOT NULL,
    date_time timestamp with time zone NOT NULL
);


--
-- Name: ads_watching_history_id_seq; Type: SEQUENCE; Schema: public; Owner: -
--

CREATE SEQUENCE public.ads_watching_history_id_seq
    AS integer
    START WITH 1
    INCREMENT BY 1
    NO MINVALUE
    NO MAXVALUE
    CACHE 1;


--
-- Name: ads_watching_history_id_seq; Type: SEQUENCE OWNED BY; Schema: public; Owner: -
--

ALTER SEQUENCE public.ads_watching_history_id_seq OWNED BY public.ads_watching_history.id;


--
-- Name: notifications; Type: TABLE; Schema: public; Owner: -
--

CREATE TABLE public.notifications (
    id integer NOT NULL,
    message text NOT NULL,
    user_id text NOT NULL,
    "timestamp" timestamp with time zone NOT NULL
);


--
-- Name: notifications_id_seq; Type: SEQUENCE; Schema: public; Owner: -
--

ALTER TABLE public.notifications ALTER COLUMN id ADD GENERATED BY DEFAULT AS IDENTITY (
    SEQUENCE NAME public.notifications_id_seq
    START WITH 1
    INCREMENT BY 1
    NO MINVALUE
    NO MAXVALUE
    CACHE 1
);


--
-- Name: payments; Type: TABLE; Schema: public; Owner: -
--

CREATE TABLE public.payments (
    id integer NOT NULL,
    service_request_id integer NOT NULL,
    payer_id text NOT NULL,
    amount_tokens integer NOT NULL,
    status public.payment_status NOT NULL,
    created_at timestamp with time zone NOT NULL,
    updated_at timestamp with time zone NOT NULL
);


--
-- Name: payments_id_seq; Type: SEQUENCE; Schema: public; Owner: -
--

CREATE SEQUENCE public.payments_id_seq
    AS integer
    START WITH 1
    INCREMENT BY 1
    NO MINVALUE
    NO MAXVALUE
    CACHE 1;


--
-- Name: payments_id_seq; Type: SEQUENCE OWNED BY; Schema: public; Owner: -
--

ALTER SEQUENCE public.payments_id_seq OWNED BY public.payments.id;


--
-- Name: reviews; Type: TABLE; Schema: public; Owner: -
--

CREATE TABLE public.reviews (
    id integer NOT NULL,
    request_id integer NOT NULL,
    reviewer_id text NOT NULL,
    reviewee_id text NOT NULL,
    rating integer NOT NULL,
    comment text,
    date_time timestamp with time zone NOT NULL
);


--
-- Name: service_requests; Type: TABLE; Schema: public; Owner: -
--

CREATE TABLE public.service_requests (
    id integer NOT NULL,
    listing_id integer NOT NULL,
    requester_id text NOT NULL,
    provider_id text NOT NULL,
    status_detail public.service_request_status NOT NULL,
    activity public.service_activity NOT NULL,
    created_at timestamp with time zone NOT NULL,
    updated_at timestamp with time zone NOT NULL,
    token_reward integer NOT NULL
);


--
-- Name: reviews_id_seq; Type: SEQUENCE; Schema: public; Owner: -
--

CREATE SEQUENCE public.reviews_id_seq
    AS integer
    START WITH 1
    INCREMENT BY 1
    NO MINVALUE
    NO MAXVALUE
    CACHE 1;


--
-- Name: reviews_id_seq; Type: SEQUENCE OWNED BY; Schema: public; Owner: -
--

ALTER SEQUENCE public.reviews_id_seq OWNED BY public.service_requests.id;


--
-- Name: reviews_id_seq1; Type: SEQUENCE; Schema: public; Owner: -
--

CREATE SEQUENCE public.reviews_id_seq1
    AS integer
    START WITH 1
    INCREMENT BY 1
    NO MINVALUE
    NO MAXVALUE
    CACHE 1;


--
-- Name: reviews_id_seq1; Type: SEQUENCE OWNED BY; Schema: public; Owner: -
--

ALTER SEQUENCE public.reviews_id_seq1 OWNED BY public.reviews.id;


--
-- Name: rewards; Type: TABLE; Schema: public; Owner: -
--

CREATE TABLE public.rewards (
    id integer NOT NULL,
    title text NOT NULL,
    description text NOT NULL,
    cost integer NOT NULL,
    available_amount integer NOT NULL
);


--
-- Name: rewards_id_seq; Type: SEQUENCE; Schema: public; Owner: -
--

CREATE SEQUENCE public.rewards_id_seq
    AS integer
    START WITH 1
    INCREMENT BY 1
    NO MINVALUE
    NO MAXVALUE
    CACHE 1;


--
-- Name: rewards_id_seq; Type: SEQUENCE OWNED BY; Schema: public; Owner: -
--

ALTER SEQUENCE public.rewards_id_seq OWNED BY public.rewards.id;


--
-- Name: service_listings; Type: TABLE; Schema: public; Owner: -
--

CREATE TABLE public.service_listings (
    id integer NOT NULL,
    title text NOT NULL,
    description text NOT NULL,
    token_reward integer NOT NULL,
    posted_by text NOT NULL,
    posted_at timestamp with time zone NOT NULL,
    category text NOT NULL,
    image_url text
);


--
-- Name: service_listings_id_seq; Type: SEQUENCE; Schema: public; Owner: -
--

CREATE SEQUENCE public.service_listings_id_seq
    AS integer
    START WITH 1
    INCREMENT BY 1
    NO MINVALUE
    NO MAXVALUE
    CACHE 1;


--
-- Name: service_listings_id_seq; Type: SEQUENCE OWNED BY; Schema: public; Owner: -
--

ALTER SEQUENCE public.service_listings_id_seq OWNED BY public.service_listings.id;


--
-- Name: service_request_completion; Type: TABLE; Schema: public; Owner: -
--

CREATE TABLE public.service_request_completion (
    id integer NOT NULL,
    request_id integer NOT NULL,
    requester_completed boolean NOT NULL,
    provider_completed boolean NOT NULL,
    is_active boolean NOT NULL
);


--
-- Name: services_request_completion_id_seq; Type: SEQUENCE; Schema: public; Owner: -
--

CREATE SEQUENCE public.services_request_completion_id_seq
    AS integer
    START WITH 1
    INCREMENT BY 1
    NO MINVALUE
    NO MAXVALUE
    CACHE 1;


--
-- Name: services_request_completion_id_seq; Type: SEQUENCE OWNED BY; Schema: public; Owner: -
--

ALTER SEQUENCE public.services_request_completion_id_seq OWNED BY public.service_request_completion.id;


--
-- Name: transactions; Type: TABLE; Schema: public; Owner: -
--

CREATE TABLE public.transactions (
    id integer NOT NULL,
    user_id text NOT NULL,
    payment_id integer NOT NULL,
    type public.transaction_type NOT NULL,
    amount integer NOT NULL,
    balance_after integer NOT NULL,
    created_at timestamp with time zone DEFAULT now() NOT NULL
);


--
-- Name: transactions_id_seq; Type: SEQUENCE; Schema: public; Owner: -
--

CREATE SEQUENCE public.transactions_id_seq
    AS integer
    START WITH 1
    INCREMENT BY 1
    NO MINVALUE
    NO MAXVALUE
    CACHE 1;


--
-- Name: transactions_id_seq; Type: SEQUENCE OWNED BY; Schema: public; Owner: -
--

ALTER SEQUENCE public.transactions_id_seq OWNED BY public.transactions.id;


--
-- Name: users; Type: TABLE; Schema: public; Owner: -
--

CREATE TABLE public.users (
    id text NOT NULL,
    phone text NOT NULL,
    token_balance integer NOT NULL,
    status public.account_status NOT NULL,
    address_line_1 text NOT NULL,
    address_line_2 text NOT NULL,
    city text NOT NULL,
    state_province text NOT NULL,
    zip_postal_code text NOT NULL,
    country text NOT NULL,
    joined_at timestamp with time zone NOT NULL,
    email boolean NOT NULL,
    full_name text NOT NULL
);


--
-- Name: users_id_seq; Type: SEQUENCE; Schema: public; Owner: -
--

CREATE SEQUENCE public.users_id_seq
    AS integer
    START WITH 1
    INCREMENT BY 1
    NO MINVALUE
    NO MAXVALUE
    CACHE 1;


--
-- Name: users_id_seq; Type: SEQUENCE OWNED BY; Schema: public; Owner: -
--

ALTER SEQUENCE public.users_id_seq OWNED BY public.users.id;


--
-- Name: ads_watching_history id; Type: DEFAULT; Schema: public; Owner: -
--

ALTER TABLE ONLY public.ads_watching_history ALTER COLUMN id SET DEFAULT nextval('public.ads_watching_history_id_seq'::regclass);


--
-- Name: payments id; Type: DEFAULT; Schema: public; Owner: -
--

ALTER TABLE ONLY public.payments ALTER COLUMN id SET DEFAULT nextval('public.payments_id_seq'::regclass);


--
-- Name: reviews id; Type: DEFAULT; Schema: public; Owner: -
--

ALTER TABLE ONLY public.reviews ALTER COLUMN id SET DEFAULT nextval('public.reviews_id_seq1'::regclass);


--
-- Name: rewards id; Type: DEFAULT; Schema: public; Owner: -
--

ALTER TABLE ONLY public.rewards ALTER COLUMN id SET DEFAULT nextval('public.rewards_id_seq'::regclass);


--
-- Name: service_listings id; Type: DEFAULT; Schema: public; Owner: -
--

ALTER TABLE ONLY public.service_listings ALTER COLUMN id SET DEFAULT nextval('public.service_listings_id_seq'::regclass);


--
-- Name: service_request_completion id; Type: DEFAULT; Schema: public; Owner: -
--

ALTER TABLE ONLY public.service_request_completion ALTER COLUMN id SET DEFAULT nextval('public.services_request_completion_id_seq'::regclass);


--
-- Name: service_requests id; Type: DEFAULT; Schema: public; Owner: -
--

ALTER TABLE ONLY public.service_requests ALTER COLUMN id SET DEFAULT nextval('public.reviews_id_seq'::regclass);


--
-- Name: transactions id; Type: DEFAULT; Schema: public; Owner: -
--

ALTER TABLE ONLY public.transactions ALTER COLUMN id SET DEFAULT nextval('public.transactions_id_seq'::regclass);


--
-- Data for Name: ads_watching_history; Type: TABLE DATA; Schema: public; Owner: -
--

COPY public.ads_watching_history (id, user_id, date_time) FROM stdin;
\.


--
-- Data for Name: notifications; Type: TABLE DATA; Schema: public; Owner: -
--

COPY public.notifications (id, message, user_id, "timestamp") FROM stdin;
\.


--
-- Data for Name: payments; Type: TABLE DATA; Schema: public; Owner: -
--

COPY public.payments (id, service_request_id, payer_id, amount_tokens, status, created_at, updated_at) FROM stdin;
8	19	user_2zaxKAG8iY9eyhGs5WQk50a8ZVf	10	holding	2025-07-08 14:00:20.984949+00	2025-07-08 14:00:20.984949+00
9	20	user_2zaxKAG8iY9eyhGs5WQk50a8ZVf	10	holding	2025-07-08 14:21:07.421913+00	2025-07-08 14:21:07.421913+00
10	21	user_2zawsZF0pSgu6tsoObDntVBGu8i	2	released	2025-07-08 14:24:46.017009+00	2025-07-08 14:41:14.762506+00
11	22	user_2zaxKAG8iY9eyhGs5WQk50a8ZVf	10	released	2025-07-08 14:44:01.024635+00	2025-07-08 14:44:38.164161+00
12	23	user_2zawsZF0pSgu6tsoObDntVBGu8i	2	released	2025-07-08 14:46:07.676013+00	2025-07-08 14:48:52.442488+00
13	24	user_2zaxKAG8iY9eyhGs5WQk50a8ZVf	10	released	2025-07-08 14:51:20.111878+00	2025-07-08 14:52:07.507579+00
14	25	user_2zawsZF0pSgu6tsoObDntVBGu8i	2	released	2025-07-08 14:53:12.052375+00	2025-07-08 14:53:42.366121+00
15	26	user_2zawsZF0pSgu6tsoObDntVBGu8i	5	released	2025-07-09 01:44:30.19258+00	2025-07-09 02:04:21.847834+00
16	27	user_2zawsZF0pSgu6tsoObDntVBGu8i	5	released	2025-07-09 02:16:59.462939+00	2025-07-09 02:19:03.238725+00
17	28	user_2zawsZF0pSgu6tsoObDntVBGu8i	5	released	2025-07-09 03:41:22.543038+00	2025-07-09 03:43:18.50783+00
18	29	user_2zaxKAG8iY9eyhGs5WQk50a8ZVf	10	holding	2025-07-09 04:38:16.010487+00	2025-07-09 04:38:16.010487+00
19	30	user_2zaxKAG8iY9eyhGs5WQk50a8ZVf	10	holding	2025-07-09 04:39:34.069118+00	2025-07-09 04:39:34.069118+00
20	31	user_2zWQU6B2jWccko809tzKhQ7hDAs	1	holding	2025-07-14 14:28:20.638169+00	2025-07-14 14:28:20.638169+00
21	32	user_2zWQU6B2jWccko809tzKhQ7hDAs	1	holding	2025-07-19 15:30:25.344878+00	2025-07-19 15:30:25.344878+00
22	33	user_2zWQU6B2jWccko809tzKhQ7hDAs	5	holding	2025-07-19 15:32:31.073342+00	2025-07-19 15:32:31.073342+00
23	34	user_2zWQU6B2jWccko809tzKhQ7hDAs	10	holding	2025-07-19 15:35:14.860814+00	2025-07-19 15:35:14.860814+00
24	35	user_2zaxKAG8iY9eyhGs5WQk50a8ZVf	10	holding	2025-07-20 06:27:04.835653+00	2025-07-20 06:27:04.835653+00
\.


--
-- Data for Name: reviews; Type: TABLE DATA; Schema: public; Owner: -
--

COPY public.reviews (id, request_id, reviewer_id, reviewee_id, rating, comment, date_time) FROM stdin;
\.


--
-- Data for Name: rewards; Type: TABLE DATA; Schema: public; Owner: -
--

COPY public.rewards (id, title, description, cost, available_amount) FROM stdin;
\.


--
-- Data for Name: service_listings; Type: TABLE DATA; Schema: public; Owner: -
--

COPY public.service_listings (id, title, description, token_reward, posted_by, posted_at, category, image_url) FROM stdin;
17	Test Listing #1	Test Listing #1	10	user_2zawsZF0pSgu6tsoObDntVBGu8i	2025-07-08 13:54:51.216522+00	Development	\N
18	Test Listing #2	Test Listing #2	5	user_2zaxKAG8iY9eyhGs5WQk50a8ZVf	2025-07-08 14:24:38.647143+00	Development	https://utfs.io/f/agU62o8YZgP4JhUvd4k7FHdun6QMtG51Zoewqp2V9s8baAE0
19	Test4	Test4	1	user_2zrwZfMlEmFXNHz1IXYpHpH5tAu	2025-07-14 14:27:57.844106+00	Tutoring	https://utfs.io/f/agU62o8YZgP4CRwDaoEIecDGzdkFO5yLfUtP2NZijbr3HXng
20	test101	test101	11	user_2zWQU6B2jWccko809tzKhQ7hDAs	2025-07-19 15:46:54.182097+00	Household Chores	https://utfs.io/f/agU62o8YZgP4uA0qG2B6PHR5d82IB9qMnx4ZmAVlbQctz1EF
\.


--
-- Data for Name: service_request_completion; Type: TABLE DATA; Schema: public; Owner: -
--

COPY public.service_request_completion (id, request_id, requester_completed, provider_completed, is_active) FROM stdin;
24	27	t	t	f
25	28	t	t	f
26	29	f	f	t
27	30	f	f	t
28	31	f	f	t
29	32	f	f	t
30	33	f	f	t
31	34	f	f	t
32	35	f	f	t
18	21	t	t	f
16	19	f	f	f
17	20	f	f	f
19	22	t	t	f
20	23	t	t	f
21	24	t	t	f
22	25	t	t	f
23	26	t	t	f
\.


--
-- Data for Name: service_requests; Type: TABLE DATA; Schema: public; Owner: -
--

COPY public.service_requests (id, listing_id, requester_id, provider_id, status_detail, activity, created_at, updated_at, token_reward) FROM stdin;
33	18	user_2zWQU6B2jWccko809tzKhQ7hDAs	user_2zaxKAG8iY9eyhGs5WQk50a8ZVf	pending	active	2025-07-19 15:32:31.073342+00	2025-07-19 15:32:31.073342+00	5
34	17	user_2zWQU6B2jWccko809tzKhQ7hDAs	user_2zawsZF0pSgu6tsoObDntVBGu8i	pending	active	2025-07-19 15:35:14.860814+00	2025-07-19 15:35:14.860814+00	10
35	17	user_2zaxKAG8iY9eyhGs5WQk50a8ZVf	user_2zawsZF0pSgu6tsoObDntVBGu8i	pending	active	2025-07-20 06:27:04.835653+00	2025-07-20 06:27:04.835653+00	10
19	17	user_2zaxKAG8iY9eyhGs5WQk50a8ZVf	user_2zawsZF0pSgu6tsoObDntVBGu8i	completed	inactive	2025-07-08 14:00:20.984949+00	2025-07-08 14:07:53.156872+00	10
20	17	user_2zaxKAG8iY9eyhGs5WQk50a8ZVf	user_2zawsZF0pSgu6tsoObDntVBGu8i	completed	inactive	2025-07-08 14:21:07.421913+00	2025-07-08 14:21:53.048875+00	10
21	18	user_2zawsZF0pSgu6tsoObDntVBGu8i	user_2zaxKAG8iY9eyhGs5WQk50a8ZVf	completed	inactive	2025-07-08 14:24:46.017009+00	2025-07-08 14:41:14.762506+00	2
22	17	user_2zaxKAG8iY9eyhGs5WQk50a8ZVf	user_2zawsZF0pSgu6tsoObDntVBGu8i	completed	inactive	2025-07-08 14:44:01.024635+00	2025-07-08 14:44:38.164161+00	10
23	18	user_2zawsZF0pSgu6tsoObDntVBGu8i	user_2zaxKAG8iY9eyhGs5WQk50a8ZVf	completed	inactive	2025-07-08 14:46:07.676013+00	2025-07-08 14:48:52.442488+00	2
24	17	user_2zaxKAG8iY9eyhGs5WQk50a8ZVf	user_2zawsZF0pSgu6tsoObDntVBGu8i	completed	inactive	2025-07-08 14:51:20.111878+00	2025-07-08 14:52:07.507579+00	10
25	18	user_2zawsZF0pSgu6tsoObDntVBGu8i	user_2zaxKAG8iY9eyhGs5WQk50a8ZVf	completed	inactive	2025-07-08 14:53:12.052375+00	2025-07-08 14:53:42.366121+00	2
26	18	user_2zawsZF0pSgu6tsoObDntVBGu8i	user_2zaxKAG8iY9eyhGs5WQk50a8ZVf	completed	inactive	2025-07-09 01:44:30.19258+00	2025-07-09 02:04:21.847834+00	5
27	18	user_2zawsZF0pSgu6tsoObDntVBGu8i	user_2zaxKAG8iY9eyhGs5WQk50a8ZVf	completed	inactive	2025-07-09 02:16:59.462939+00	2025-07-09 02:19:03.238725+00	5
28	18	user_2zawsZF0pSgu6tsoObDntVBGu8i	user_2zaxKAG8iY9eyhGs5WQk50a8ZVf	completed	inactive	2025-07-09 03:41:22.543038+00	2025-07-09 03:43:18.50783+00	5
29	17	user_2zaxKAG8iY9eyhGs5WQk50a8ZVf	user_2zawsZF0pSgu6tsoObDntVBGu8i	pending	active	2025-07-09 04:38:16.010487+00	2025-07-09 04:38:16.010487+00	10
30	17	user_2zaxKAG8iY9eyhGs5WQk50a8ZVf	user_2zawsZF0pSgu6tsoObDntVBGu8i	pending	active	2025-07-09 04:39:34.069118+00	2025-07-09 04:39:34.069118+00	10
31	19	user_2zWQU6B2jWccko809tzKhQ7hDAs	user_2zrwZfMlEmFXNHz1IXYpHpH5tAu	in_progress	active	2025-07-14 14:28:20.638169+00	2025-07-14 14:28:33.795195+00	1
32	19	user_2zWQU6B2jWccko809tzKhQ7hDAs	user_2zrwZfMlEmFXNHz1IXYpHpH5tAu	pending	active	2025-07-19 15:30:25.344878+00	2025-07-19 15:30:25.344878+00	1
\.


--
-- Data for Name: transactions; Type: TABLE DATA; Schema: public; Owner: -
--

COPY public.transactions (id, user_id, payment_id, type, amount, balance_after, created_at) FROM stdin;
\.


--
-- Data for Name: users; Type: TABLE DATA; Schema: public; Owner: -
--

COPY public.users (id, phone, token_balance, status, address_line_1, address_line_2, city, state_province, zip_postal_code, country, joined_at, email, full_name) FROM stdin;
user_2zawsZF0pSgu6tsoObDntVBGu8i	12345678	35	active	InterView	ABAC	Samut Prakan	SPK	10560	Thailand	2025-07-08 13:52:08.804268+00	f	Set Kaung Lwin
user_2zrwZfMlEmFXNHz1IXYpHpH5tAu		0	active	abc road		Samut Prakan	SPK	10560	Thailand	2025-07-14 14:16:31.906809+00	f	Tris2
user_2zWQU6B2jWccko809tzKhQ7hDAs	04236436	33	active	asdfasdfsdafsdaf	asdfsadfdsaf	asdf	KBI	12516	Thailand	2025-07-06 23:26:40.525688+00	f	Min Myint Moh Soe
user_2zaxKAG8iY9eyhGs5WQk50a8ZVf	12345678	37	active	InterView	ABAC	Samut Prakan	SPK	10560	Thailand	2025-07-08 13:55:57.403112+00	f	John Doe
\.


--
-- Name: ads_watching_history_id_seq; Type: SEQUENCE SET; Schema: public; Owner: -
--

SELECT pg_catalog.setval('public.ads_watching_history_id_seq', 1, false);


--
-- Name: notifications_id_seq; Type: SEQUENCE SET; Schema: public; Owner: -
--

SELECT pg_catalog.setval('public.notifications_id_seq', 1, false);


--
-- Name: payments_id_seq; Type: SEQUENCE SET; Schema: public; Owner: -
--

SELECT pg_catalog.setval('public.payments_id_seq', 24, true);


--
-- Name: reviews_id_seq; Type: SEQUENCE SET; Schema: public; Owner: -
--

SELECT pg_catalog.setval('public.reviews_id_seq', 35, true);


--
-- Name: reviews_id_seq1; Type: SEQUENCE SET; Schema: public; Owner: -
--

SELECT pg_catalog.setval('public.reviews_id_seq1', 1, false);


--
-- Name: rewards_id_seq; Type: SEQUENCE SET; Schema: public; Owner: -
--

SELECT pg_catalog.setval('public.rewards_id_seq', 1, false);


--
-- Name: service_listings_id_seq; Type: SEQUENCE SET; Schema: public; Owner: -
--

SELECT pg_catalog.setval('public.service_listings_id_seq', 20, true);


--
-- Name: services_request_completion_id_seq; Type: SEQUENCE SET; Schema: public; Owner: -
--

SELECT pg_catalog.setval('public.services_request_completion_id_seq', 32, true);


--
-- Name: transactions_id_seq; Type: SEQUENCE SET; Schema: public; Owner: -
--

SELECT pg_catalog.setval('public.transactions_id_seq', 1, false);


--
-- Name: users_id_seq; Type: SEQUENCE SET; Schema: public; Owner: -
--

SELECT pg_catalog.setval('public.users_id_seq', 1, false);


--
-- Name: ads_watching_history ads_watching_history_pk; Type: CONSTRAINT; Schema: public; Owner: -
--

ALTER TABLE ONLY public.ads_watching_history
    ADD CONSTRAINT ads_watching_history_pk PRIMARY KEY (id);


--
-- Name: notifications notifications_pk; Type: CONSTRAINT; Schema: public; Owner: -
--

ALTER TABLE ONLY public.notifications
    ADD CONSTRAINT notifications_pk PRIMARY KEY (id);


--
-- Name: payments payments_pk; Type: CONSTRAINT; Schema: public; Owner: -
--

ALTER TABLE ONLY public.payments
    ADD CONSTRAINT payments_pk PRIMARY KEY (id);


--
-- Name: service_requests requests_pk; Type: CONSTRAINT; Schema: public; Owner: -
--

ALTER TABLE ONLY public.service_requests
    ADD CONSTRAINT requests_pk PRIMARY KEY (id);


--
-- Name: reviews reviews_pk; Type: CONSTRAINT; Schema: public; Owner: -
--

ALTER TABLE ONLY public.reviews
    ADD CONSTRAINT reviews_pk PRIMARY KEY (id);


--
-- Name: reviews reviews_unique; Type: CONSTRAINT; Schema: public; Owner: -
--

ALTER TABLE ONLY public.reviews
    ADD CONSTRAINT reviews_unique UNIQUE (request_id);


--
-- Name: rewards rewards_pk; Type: CONSTRAINT; Schema: public; Owner: -
--

ALTER TABLE ONLY public.rewards
    ADD CONSTRAINT rewards_pk PRIMARY KEY (id);


--
-- Name: service_listings service_listings_pk; Type: CONSTRAINT; Schema: public; Owner: -
--

ALTER TABLE ONLY public.service_listings
    ADD CONSTRAINT service_listings_pk PRIMARY KEY (id);


--
-- Name: service_request_completion services_request_completion_pk; Type: CONSTRAINT; Schema: public; Owner: -
--

ALTER TABLE ONLY public.service_request_completion
    ADD CONSTRAINT services_request_completion_pk PRIMARY KEY (id);


--
-- Name: transactions transactions_pk; Type: CONSTRAINT; Schema: public; Owner: -
--

ALTER TABLE ONLY public.transactions
    ADD CONSTRAINT transactions_pk PRIMARY KEY (id);


--
-- Name: users users_pk; Type: CONSTRAINT; Schema: public; Owner: -
--

ALTER TABLE ONLY public.users
    ADD CONSTRAINT users_pk PRIMARY KEY (id);


--
-- Name: users users_unique; Type: CONSTRAINT; Schema: public; Owner: -
--

ALTER TABLE ONLY public.users
    ADD CONSTRAINT users_unique UNIQUE (id);


--
-- Name: ads_watching_history ads_watching_history_users_fk; Type: FK CONSTRAINT; Schema: public; Owner: -
--

ALTER TABLE ONLY public.ads_watching_history
    ADD CONSTRAINT ads_watching_history_users_fk FOREIGN KEY (user_id) REFERENCES public.users(id);


--
-- Name: notifications notifications_users_fk; Type: FK CONSTRAINT; Schema: public; Owner: -
--

ALTER TABLE ONLY public.notifications
    ADD CONSTRAINT notifications_users_fk FOREIGN KEY (user_id) REFERENCES public.users(id);


--
-- Name: payments payments_service_requests_fk; Type: FK CONSTRAINT; Schema: public; Owner: -
--

ALTER TABLE ONLY public.payments
    ADD CONSTRAINT payments_service_requests_fk FOREIGN KEY (service_request_id) REFERENCES public.service_requests(id) ON DELETE CASCADE;


--
-- Name: payments payments_users_fk; Type: FK CONSTRAINT; Schema: public; Owner: -
--

ALTER TABLE ONLY public.payments
    ADD CONSTRAINT payments_users_fk FOREIGN KEY (payer_id) REFERENCES public.users(id);


--
-- Name: reviews reviews_service_requests_fk; Type: FK CONSTRAINT; Schema: public; Owner: -
--

ALTER TABLE ONLY public.reviews
    ADD CONSTRAINT reviews_service_requests_fk FOREIGN KEY (request_id) REFERENCES public.service_requests(id);


--
-- Name: reviews reviews_users_fk; Type: FK CONSTRAINT; Schema: public; Owner: -
--

ALTER TABLE ONLY public.reviews
    ADD CONSTRAINT reviews_users_fk FOREIGN KEY (reviewer_id) REFERENCES public.users(id);


--
-- Name: reviews reviews_users_fk_1; Type: FK CONSTRAINT; Schema: public; Owner: -
--

ALTER TABLE ONLY public.reviews
    ADD CONSTRAINT reviews_users_fk_1 FOREIGN KEY (reviewee_id) REFERENCES public.users(id);


--
-- Name: service_listings service_listings_users_fk; Type: FK CONSTRAINT; Schema: public; Owner: -
--

ALTER TABLE ONLY public.service_listings
    ADD CONSTRAINT service_listings_users_fk FOREIGN KEY (posted_by) REFERENCES public.users(id) ON UPDATE CASCADE ON DELETE CASCADE;


--
-- Name: service_requests service_requests_users_fk; Type: FK CONSTRAINT; Schema: public; Owner: -
--

ALTER TABLE ONLY public.service_requests
    ADD CONSTRAINT service_requests_users_fk FOREIGN KEY (provider_id) REFERENCES public.users(id);


--
-- Name: service_requests service_requests_users_fk_1; Type: FK CONSTRAINT; Schema: public; Owner: -
--

ALTER TABLE ONLY public.service_requests
    ADD CONSTRAINT service_requests_users_fk_1 FOREIGN KEY (requester_id) REFERENCES public.users(id);


--
-- Name: service_request_completion services_request_completion_service_requests_fk; Type: FK CONSTRAINT; Schema: public; Owner: -
--

ALTER TABLE ONLY public.service_request_completion
    ADD CONSTRAINT services_request_completion_service_requests_fk FOREIGN KEY (request_id) REFERENCES public.service_requests(id) ON DELETE CASCADE;


--
-- Name: transactions transactions_payments_fk; Type: FK CONSTRAINT; Schema: public; Owner: -
--

ALTER TABLE ONLY public.transactions
    ADD CONSTRAINT transactions_payments_fk FOREIGN KEY (payment_id) REFERENCES public.payments(id);


--
-- Name: transactions transactions_users_fk; Type: FK CONSTRAINT; Schema: public; Owner: -
--

ALTER TABLE ONLY public.transactions
    ADD CONSTRAINT transactions_users_fk FOREIGN KEY (user_id) REFERENCES public.users(id);


--
-- PostgreSQL database dump complete
--
